date,number
"Wednesday, Jan  1, 2003",-12.30
"Tuesday, Jan  7, 2003",-7.40
"Wednesday, Jan 15, 2003",1.50
"Thursday, Jan 23, 2003",7.40
"Friday, Jan 31, 2003",7.20
"Friday, Feb  7, 2003",6.90
"Monday, Feb 17, 2003",18.80
"Monday, Feb 24, 2003",-0.20
"Tuesday, Mar  4, 2003",5.30
"Wednesday, Mar 12, 2003",1.50
"Thursday, Mar 20, 2003",-5.80
"Friday, Mar 28, 2003",-7.40
"Friday, Apr  4, 2003",-21.60
"Monday, Apr 14, 2003",-10.10
"Monday, Apr 21, 2003",-18.00
"Tuesday, Apr 29, 2003",-17.80
"Wednesday, May  7, 2003",-27.30
"Thursday, May 15, 2003",-43.40
"Friday, May 23, 2003",-37.80
"Friday, May 30, 2003",-26.80
"Monday, Jun  9, 2003",-19.60
"Monday, Jun 16, 2003",-16.00
"Tuesday, Jun 24, 2003",-7.90
"Wednesday, Jul  2, 2003",-1.20
"Thursday, Jul 10, 2003",-4.20
"Friday, Jul 18, 2003",11.90
"Friday, Jul 25, 2003",11.00
"Monday, Aug  4, 2003",14.80
"Monday, Aug 11, 2003",25.80
"Tuesday, Aug 19, 2003",38.40
"Wednesday, Aug 27, 2003",42.50
"Thursday, Sep  4, 2003",46.60
"Friday, Sep 12, 2003",49.50
"Friday, Sep 19, 2003",46.80
"Monday, Sep 29, 2003",38.60
"Monday, Oct  6, 2003",34.00
"Tuesday, Oct 14, 2003",29.30
"Wednesday, Oct 22, 2003",35.80
"Thursday, Oct 30, 2003",55.90
"Friday, Nov  7, 2003",49.60
"Friday, Nov 14, 2003",40.50
"Monday, Nov 24, 2003",36.00
"Tuesday, Dec  2, 2003",64.40
"Wednesday, Dec 10, 2003",63.00
"Thursday, Dec 18, 2003",67.10
"Friday, Dec 26, 2003",57.40
"Friday, Jan  2, 2004",57.10
"Monday, Jan 12, 2004",44.40
"Monday, Jan 19, 2004",46.20
"Tuesday, Jan 27, 2004",37.20
"Wednesday, Feb  4, 2004",31.20
"Thursday, Feb 12, 2004",31.20
"Friday, Feb 20, 2004",16.10
"Friday, Feb 27, 2004",3.60
"Monday, Mar  8, 2004",-10.60
"Monday, Mar 15, 2004",-25.80
"Tuesday, Mar 23, 2004",-24.80
"Wednesday, Mar 31, 2004",-20.10
"Thursday, Apr  8, 2004",-4.90
"Friday, Apr 16, 2004",3.60
"Friday, Apr 23, 2004",-4.30
"Monday, May  3, 2004",8.90
"Monday, May 10, 2004",10.80
"Tuesday, May 18, 2004",8.90
"Wednesday, May 26, 2004",7.90
"Thursday, Jun  3, 2004",15.90
"Friday, Jun 11, 2004",27.70
"Friday, Jun 18, 2004",22.90
"Monday, Jun 28, 2004",1.80
"Monday, Jul  5, 2004",-9.70
"Tuesday, Jul 13, 2004",-7.30
"Wednesday, Jul 21, 2004",-10.60
"Thursday, Jul 29, 2004",3.40
"Friday, Aug  6, 2004",-15.50
"Friday, Aug 13, 2004",-37.30
"Monday, Aug 23, 2004",-41.60
"Monday, Aug 30, 2004",-43.00
"Tuesday, Sep  7, 2004",-52.00
"Wednesday, Sep 15, 2004",-57.00
"Thursday, Sep 23, 2004",-52.70
"Friday, Oct  1, 2004",-46.50
"Friday, Oct  8, 2004",-55.20
"Monday, Oct 18, 2004",-64.40
"Monday, Oct 25, 2004",-58.70
"Tuesday, Nov  2, 2004",-46.30
"Wednesday, Nov 10, 2004",-31.90
"Thursday, Nov 18, 2004",-24.60
"Friday, Nov 26, 2004",-23.20
"Monday, Dec  6, 2004",-21.20
"Monday, Dec 13, 2004",-11.60
"Tuesday, Dec 21, 2004",2.70
"Wednesday, Dec 29, 2004",1.80
"Thursday, Jan  6, 2005",6.30
"Friday, Jan 14, 2005",1.70
"Friday, Jan 21, 2005",0.10
"Monday, Jan 31, 2005",3.80
"Monday, Feb  7, 2005",10.20
"Tuesday, Feb 15, 2005",17.40
"Wednesday, Feb 23, 2005",12.50
"Thursday, Mar  3, 2005",8.50
"Friday, Mar 11, 2005",8.80
"Friday, Mar 18, 2005",8.00
"Monday, Mar 28, 2005",3.30
"Monday, Apr  4, 2005",-9.30
"Tuesday, Apr 12, 2005",-14.00
"Wednesday, Apr 20, 2005",-26.80
"Thursday, Apr 28, 2005",-32.10
"Friday, May  6, 2005",-25.30
"Friday, May 13, 2005",-8.30
"Monday, May 23, 2005",-13.70
"Monday, May 30, 2005",-22.00
"Tuesday, Jun  7, 2005",-29.80
"Wednesday, Jun 15, 2005",-32.10
"Thursday, Jun 23, 2005",-25.70
"Friday, Jul  1, 2005",-3.10
"Friday, Jul  8, 2005",5.00
"Monday, Jul 18, 2005",15.30
"Monday, Jul 25, 2005",23.90
"Tuesday, Aug  2, 2005",37.50
"Wednesday, Aug 10, 2005",40.10
"Thursday, Aug 18, 2005",38.60
"Friday, Aug 26, 2005",47.00
"Friday, Sep  2, 2005",39.00
"Monday, Sep 12, 2005",58.90
"Monday, Sep 19, 2005",58.60
"Tuesday, Sep 27, 2005",48.30
"Wednesday, Oct  5, 2005",47.40
"Thursday, Oct 13, 2005",39.20
"Friday, Oct 21, 2005",35.20
"Friday, Oct 28, 2005",38.00
"Monday, Nov  7, 2005",46.20
"Monday, Nov 14, 2005",37.90
"Wednesday, Nov 23, 2005",36.70
"Thursday, Dec  1, 2005",41.60
"Friday, Dec  9, 2005",34.30
"Friday, Dec 16, 2005",43.50
"Monday, Dec 26, 2005",37.40
"Monday, Jan  2, 2006",32.80
"Tuesday, Jan 10, 2006",31.00
"Wednesday, Jan 18, 2006",23.60
"Thursday, Jan 26, 2006",22.80
"Friday, Feb  3, 2006",1.10
"Friday, Feb 10, 2006",-5.30
"Monday, Feb 20, 2006",-0.60
"Monday, Feb 27, 2006",-0.10
"Tuesday, Mar  7, 2006",-4.60
"Wednesday, Mar 15, 2006",-17.70
"Thursday, Mar 23, 2006",-15.20
"Friday, Mar 31, 2006",14.60
"Friday, Apr  7, 2006",14.50
"Monday, Apr 17, 2006",20.40
"Monday, Apr 24, 2006",25.60
"Tuesday, May  2, 2006",52.30
"Wednesday, May 10, 2006",46.80
"Thursday, May 18, 2006",40.40
"Friday, May 26, 2006",39.80
"Friday, Jun  2, 2006",40.00
"Monday, Jun 12, 2006",46.20
"Monday, Jun 19, 2006",37.20
"Tuesday, Jun 27, 2006",39.60
"Wednesday, Jul  5, 2006",42.60
"Thursday, Jul 13, 2006",36.30
"Friday, Jul 21, 2006",21.30
"Friday, Jul 28, 2006",5.40
"Monday, Aug  7, 2006",3.70
"Monday, Aug 14, 2006",7.90
"Wednesday, Aug 23, 2006",-0.30
"Wednesday, Aug 30, 2006",-6.00
"Thursday, Sep  7, 2006",-10.10
"Friday, Sep 15, 2006",-24.50
"Friday, Sep 22, 2006",-41.60
"Monday, Oct  2, 2006",-33.90
"Monday, Oct  9, 2006",-25.60
"Tuesday, Oct 17, 2006",-27.60
"Wednesday, Oct 25, 2006",-22.40
"Thursday, Nov  2, 2006",-23.00
"Friday, Nov 10, 2006",-21.10
"Monday, Nov 20, 2006",-22.40
"Monday, Nov 27, 2006",-11.70
"Tuesday, Dec  5, 2006",-8.20
"Wednesday, Dec 13, 2006",9.50
"Thursday, Dec 21, 2006",20.30
"Friday, Dec 29, 2006",26.70
"Friday, Jan  5, 2007",33.00
"Monday, Jan 15, 2007",42.10
"Monday, Jan 22, 2007",47.40
"Tuesday, Jan 30, 2007",46.70
"Wednesday, Feb  7, 2007",40.30
"Thursday, Feb 15, 2007",28.00
"Friday, Feb 23, 2007",27.00
"Friday, Mar  2, 2007",26.70
"Monday, Mar 12, 2007",14.80
"Monday, Mar 19, 2007",12.50
"Tuesday, Mar 27, 2007",15.60
"Wednesday, Apr  4, 2007",19.90
"Thursday, Apr 12, 2007",20.90
"Friday, Apr 20, 2007",24.80
"Friday, Apr 27, 2007",28.50
"Monday, May  7, 2007",47.70
"Monday, May 14, 2007",39.90
"Tuesday, May 22, 2007",38.40
"Wednesday, May 30, 2007",30.90
"Thursday, Jun  7, 2007",35.60
"Friday, Jun 15, 2007",36.00
"Friday, Jun 22, 2007",17.80
"Monday, Jul  2, 2007",8.20
"Monday, Jul  9, 2007",16.10
"Tuesday, Jul 17, 2007",13.10
"Wednesday, Jul 25, 2007",8.80
"Thursday, Aug  2, 2007",9.30
"Friday, Aug 10, 2007",11.50
"Friday, Aug 17, 2007",19.30
"Monday, Aug 27, 2007",17.50
"Monday, Sep  3, 2007",20.90
"Tuesday, Sep 11, 2007",8.60
"Wednesday, Sep 19, 2007",-2.70
"Thursday, Sep 27, 2007",-6.80
"Friday, Oct  5, 2007",-11.40
"Friday, Oct 12, 2007",-8.30
"Monday, Oct 22, 2007",-15.70
"Monday, Oct 29, 2007",-16.30
"Wednesday, Nov  7, 2007",-13.40
"Thursday, Nov 15, 2007",-21.30
"Friday, Nov 23, 2007",-30.40
"Friday, Nov 30, 2007",-20.10
"Monday, Dec 10, 2007",-3.90
"Monday, Dec 17, 2007",13.70
"Monday, Dec 24, 2007",10.10
"Wednesday, Jan  2, 2008",8.20
"Thursday, Jan 10, 2008",11.80
"Friday, Jan 18, 2008",2.90
"Friday, Jan 25, 2008",11.40
"Monday, Feb  4, 2008",-0.60
"Monday, Feb 11, 2008",-5.10
"Tuesday, Feb 19, 2008",-1.80
"Wednesday, Feb 27, 2008",-8.80
"Thursday, Mar  6, 2008",-18.00
"Friday, Mar 14, 2008",-10.60
"Thursday, Mar 20, 2008",-8.90
"Monday, Mar 31, 2008",-0.50
"Monday, Apr  7, 2008",-1.80
"Tuesday, Apr 15, 2008",-12.30
"Wednesday, Apr 23, 2008",-19.00
"Thursday, May  1, 2008",-34.10
"Friday, May  9, 2008",-23.50
"Friday, May 16, 2008",-15.30
"Tuesday, May 27, 2008",-11.50
"Monday, Jun  2, 2008",-14.90
"Tuesday, Jun 10, 2008",-23.60
"Wednesday, Jun 18, 2008",-22.30
"Thursday, Jun 26, 2008",-22.90
"Friday, Jul  4, 2008",-24.80
"Friday, Jul 11, 2008",-16.50
"Monday, Jul 21, 2008",-8.90
"Monday, Jul 28, 2008",-22.90
"Tuesday, Aug  5, 2008",-30.10
"Wednesday, Aug 13, 2008",-30.60
"Thursday, Aug 21, 2008",-18.50
"Friday, Aug 29, 2008",-12.50
"Friday, Sep  5, 2008",-16.20
"Monday, Sep 15, 2008",-23.80
"Monday, Sep 22, 2008",-9.70
"Tuesday, Sep 30, 2008",-21.90
"Wednesday, Oct  8, 2008",-20.60
"Thursday, Oct 16, 2008",-33.00
"Friday, Oct 24, 2008",-33.80
"Monday, Nov  3, 2008",-49.90
"Monday, Nov 10, 2008",-69.90
"Tuesday, Nov 18, 2008",-68.80
"Wednesday, Nov 26, 2008",-91.80
"Thursday, Dec  4, 2008",-89.60
"Friday, Dec 12, 2008",-101.30
"Friday, Dec 19, 2008",-106.50
"Monday, Dec 29, 2008",-95.60
"Monday, Jan  5, 2009",-102.90
"Tuesday, Jan 13, 2009",-81.30
"Wednesday, Jan 21, 2009",-85.70
"Thursday, Jan 29, 2009",-68.50
"Friday, Feb  6, 2009",-59.20
"Friday, Feb 13, 2009",-50.50
"Monday, Feb 23, 2009",-32.60
"Monday, Mar  2, 2009",-49.50
"Tuesday, Mar 10, 2009",-47.20
"Wednesday, Mar 18, 2009",-43.40
"Thursday, Mar 26, 2009",-31.50
"Friday, Apr  3, 2009",-38.40
"Thursday, Apr  9, 2009",-18.30
"Monday, Apr 20, 2009",-12.70
"Monday, Apr 27, 2009",-3.10
"Tuesday, May  5, 2009",6.20
"Wednesday, May 13, 2009",25.10
"Thursday, May 21, 2009",31.40
"Friday, May 29, 2009",51.10
"Friday, Jun  5, 2009",56.00
"Monday, Jun 15, 2009",48.10
"Monday, Jun 22, 2009",51.90
"Tuesday, Jun 30, 2009",50.50
"Wednesday, Jul  8, 2009",40.20
"Thursday, Jul 16, 2009",31.20
"Friday, Jul 24, 2009",27.60
"Friday, Jul 31, 2009",24.90
"Monday, Aug 10, 2009",33.80
"Monday, Aug 17, 2009",36.80
"Tuesday, Aug 25, 2009",43.40
"Wednesday, Sep  2, 2009",57.40
"Thursday, Sep 10, 2009",41.80
"Friday, Sep 18, 2009",45.40
"Friday, Sep 25, 2009",40.20
"Monday, Oct  5, 2009",30.10
"Monday, Oct 12, 2009",33.30
"Wednesday, Oct 21, 2009",31.10
"Thursday, Oct 29, 2009",23.70
"Friday, Nov  6, 2009",10.60
"Friday, Nov 13, 2009",-1.40
"Monday, Nov 23, 2009",-4.70
"Monday, Nov 30, 2009",2.80
"Tuesday, Dec  8, 2009",10.80
"Wednesday, Dec 16, 2009",7.50
"Thursday, Dec 24, 2009",2.20
"Thursday, Dec 31, 2009",7.10
"Friday, Jan  8, 2010",-0.40
"Monday, Jan 18, 2010",-5.30
"Monday, Jan 25, 2010",-3.70
"Tuesday, Feb  2, 2010",14.90
"Wednesday, Feb 10, 2010",17.10
"Thursday, Feb 18, 2010",15.20
"Friday, Feb 26, 2010",-0.80
"Friday, Mar  5, 2010",4.20
"Monday, Mar 15, 2010",11.10
"Monday, Mar 22, 2010",17.90
"Tuesday, Mar 30, 2010",23.30
"Wednesday, Apr  7, 2010",29.30
"Thursday, Apr 15, 2010",20.50
"Friday, Apr 23, 2010",35.40
"Friday, Apr 30, 2010",34.50
"Monday, May 10, 2010",44.40
"Monday, May 17, 2010",55.10
"Tuesday, May 25, 2010",53.60
"Wednesday, Jun  2, 2010",48.50
"Thursday, Jun 10, 2010",47.20
"Friday, Jun 18, 2010",26.80
"Friday, Jun 25, 2010",21.00
"Monday, Jul  5, 2010",22.20
"Monday, Jul 12, 2010",20.20
"Tuesday, Jul 20, 2010",0.90
"Wednesday, Jul 28, 2010",14.20
"Thursday, Aug  5, 2010",14.10
"Friday, Aug 13, 2010",9.10
"Friday, Aug 20, 2010",1.20
"Monday, Aug 30, 2010",5.30
"Monday, Sep  6, 2010",13.50
"Tuesday, Sep 14, 2010",17.50
"Wednesday, Sep 22, 2010",16.30
"Thursday, Sep 30, 2010",20.60
"Friday, Oct  8, 2010",24.00
"Monday, Oct 18, 2010",18.50
"Monday, Oct 25, 2010",18.40
"Tuesday, Nov  2, 2010",24.10
"Wednesday, Nov 10, 2010",25.10
"Thursday, Nov 18, 2010",29.80
"Friday, Nov 26, 2010",32.50
"Friday, Dec  3, 2010",23.00
"Monday, Dec 13, 2010",30.80
"Monday, Dec 20, 2010",41.40
"Tuesday, Dec 28, 2010",33.40
"Wednesday, Jan  5, 2011",36.70
"Thursday, Jan 13, 2011",42.60
"Friday, Jan 21, 2011",45.30
"Friday, Jan 28, 2011",34.90
"Monday, Feb  7, 2011",42.80
"Monday, Feb 14, 2011",37.50
"Tuesday, Feb 22, 2011",36.00
"Wednesday, Mar  2, 2011",33.30
"Thursday, Mar 10, 2011",31.20
"Friday, Mar 18, 2011",22.40
"Friday, Mar 25, 2011",22.00
"Monday, Apr  4, 2011",20.80
"Monday, Apr 11, 2011",19.20
"Tuesday, Apr 19, 2011",15.00
"Wednesday, Apr 27, 2011",14.40
"Thursday, May  5, 2011",-20.30
"Friday, May 13, 2011",-14.60
"Friday, May 20, 2011",-16.20
"Monday, May 30, 2011",-21.30
"Monday, Jun  6, 2011",-45.50
"Tuesday, Jun 14, 2011",-45.40
"Wednesday, Jun 22, 2011",-56.00
"Thursday, Jun 30, 2011",-52.50
"Friday, Jul  8, 2011",-47.20
"Friday, Jul 15, 2011",-48.70
"Monday, Jul 25, 2011",-44.40
"Monday, Aug  1, 2011",-45.20
"Tuesday, Aug  9, 2011",-39.20
"Wednesday, Aug 17, 2011",-53.00
"Thursday, Aug 25, 2011",-61.80
"Friday, Sep  2, 2011",-57.00
"Friday, Sep  9, 2011",-48.00
"Monday, Sep 19, 2011",-46.20
"Monday, Sep 26, 2011",-44.10
"Wednesday, Oct  5, 2011",-33.40
"Thursday, Oct 13, 2011",-16.50
"Friday, Oct 21, 2011",-4.80
"Friday, Oct 28, 2011",-3.50
"Monday, Nov  7, 2011",-8.30
"Monday, Nov 14, 2011",3.70
"Tuesday, Nov 22, 2011",11.00
"Wednesday, Nov 30, 2011",22.80
"Thursday, Dec  8, 2011",29.90
"Friday, Dec 16, 2011",32.00
"Friday, Dec 23, 2011",33.00
"Friday, Dec 30, 2011",25.00
"Monday, Jan  9, 2012",28.70
"Tuesday, Jan 17, 2012",34.60
"Wednesday, Jan 25, 2012",36.30
"Thursday, Feb  2, 2012",28.00
"Friday, Feb 10, 2012",37.80
"Friday, Feb 17, 2012",41.70
"Monday, Feb 27, 2012",35.80
"Monday, Mar  5, 2012",29.80
"Tuesday, Mar 13, 2012",24.90
"Wednesday, Mar 21, 2012",17.20
"Thursday, Mar 29, 2012",11.20
"Thursday, Apr  5, 2012",5.20
"Friday, Apr 13, 2012",5.70
"Monday, Apr 23, 2012",-3.40
"Monday, Apr 30, 2012",-15.10
"Tuesday, May  8, 2012",-27.80
"Wednesday, May 16, 2012",-21.90
"Thursday, May 24, 2012",-33.00
"Friday, Jun  1, 2012",-44.60
"Friday, Jun  8, 2012",-41.50
"Monday, Jun 18, 2012",-42.20
"Monday, Jun 25, 2012",-50.50
"Tuesday, Jul  3, 2012",-47.50
"Wednesday, Jul 11, 2012",-48.10
"Thursday, Jul 19, 2012",-48.10
"Friday, Jul 27, 2012",-42.80
"Friday, Aug  3, 2012",-38.70
"Monday, Aug 13, 2012",-37.40
"Monday, Aug 20, 2012",-30.70
"Tuesday, Aug 28, 2012",-24.40
"Wednesday, Sep  5, 2012",-24.20
"Thursday, Sep 13, 2012",-5.50
"Friday, Sep 21, 2012",-0.90
"Monday, Oct  1, 2012",-6.40
"Monday, Oct  8, 2012",8.20
"Tuesday, Oct 16, 2012",16.20
"Wednesday, Oct 24, 2012",9.90
"Thursday, Nov  1, 2012",13.20
"Friday, Nov  9, 2012",12.40
"Friday, Nov 16, 2012",6.10
"Monday, Nov 26, 2012",10.20
"Monday, Dec  3, 2012",15.30
"Tuesday, Dec 11, 2012",26.20
"Wednesday, Dec 19, 2012",24.00
"Thursday, Dec 27, 2012",18.80
"Friday, Jan  4, 2013",13.10
"Friday, Jan 11, 2013",4.80
"Monday, Jan 21, 2013",4.40
"Monday, Jan 28, 2013",17.30
"Tuesday, Feb  5, 2013",6.10
"Wednesday, Feb 13, 2013",14.60
"Thursday, Feb 21, 2013",6.20
"Friday, Mar  1, 2013",12.70
"Friday, Mar  8, 2013",15.60
"Monday, Mar 18, 2013",13.80
"Monday, Mar 25, 2013",7.60
"Tuesday, Apr  2, 2013",-6.20
"Wednesday, Apr 10, 2013",-9.40
"Thursday, Apr 18, 2013",-19.30
"Friday, Apr 26, 2013",-36.30
"Friday, May  3, 2013",-28.60
"Monday, May 13, 2013",-26.80
"Monday, May 20, 2013",-29.10
"Tuesday, May 28, 2013",-27.50
"Wednesday, Jun  5, 2013",-24.60
"Thursday, Jun 13, 2013",-11.40
"Friday, Jun 21, 2013",1.80
"Friday, Jun 28, 2013",10.40
"Monday, Jul  8, 2013",8.50
"Monday, Jul 15, 2013",9.50
"Tuesday, Jul 23, 2013",15.40
"Wednesday, Jul 31, 2013",23.80
"Thursday, Aug  8, 2013",40.20
"Friday, Aug 16, 2013",36.60
"Friday, Aug 23, 2013",33.80
"Monday, Sep  2, 2013",33.10
"Monday, Sep  9, 2013",41.10
"Wednesday, Sep 18, 2013",32.80
"Thursday, Sep 26, 2013",32.10
"Friday, Oct  4, 2013",29.70
"Friday, Oct 11, 2013",20.50
"Monday, Oct 21, 2013",11.90
"Monday, Oct 28, 2013",6.40
"Tuesday, Nov  5, 2013",0.90
"Wednesday, Nov 13, 2013",10.20
"Thursday, Nov 21, 2013",5.10
"Friday, Nov 29, 2013",3.40
"Friday, Dec  6, 2013",16.20
"Monday, Dec 16, 2013",18.10
"Monday, Dec 23, 2013",23.80
"Tuesday, Dec 31, 2013",28.30
"Wednesday, Jan  8, 2014",32.60
"Thursday, Jan 16, 2014",34.30
"Friday, Jan 24, 2014",37.00
"Friday, Jan 31, 2014",29.90
"Monday, Feb 10, 2014",18.50
"Monday, Feb 17, 2014",13.50
"Tuesday, Feb 25, 2014",-8.30
"Wednesday, Mar  5, 2014",-8.90
"Thursday, Mar 13, 2014",-8.20
"Friday, Mar 21, 2014",-11.10
"Friday, Mar 28, 2014",-12.70
"Monday, Apr  7, 2014",-24.70
"Monday, Apr 14, 2014",-24.10
"Tuesday, Apr 22, 2014",-22.10
"Wednesday, Apr 30, 2014",-25.00
"Thursday, May  8, 2014",-16.20
"Friday, May 16, 2014",-10.20
"Friday, May 23, 2014",-4.20
"Monday, Jun  2, 2014",-11.60
"Monday, Jun  9, 2014",-16.80
"Tuesday, Jun 17, 2014",-18.10
"Wednesday, Jun 25, 2014",-19.10
"Thursday, Jul  3, 2014",-15.00
"Friday, Jul 11, 2014",-24.80
"Friday, Jul 18, 2014",-24.50
"Monday, Jul 28, 2014",-23.30
"Monday, Aug  4, 2014",-21.20
"Tuesday, Aug 12, 2014",-19.30
"Wednesday, Aug 20, 2014",-20.90
"Thursday, Aug 28, 2014",-7.20
"Friday, Sep  5, 2014",-7.30
"Monday, Sep 15, 2014",-7.50
"Monday, Sep 22, 2014",-9.80
"Tuesday, Sep 30, 2014",-11.90
"Wednesday, Oct  8, 2014",-14.50
"Thursday, Oct 16, 2014",-14.80
"Friday, Oct 24, 2014",-10.30
"Friday, Oct 31, 2014",-7.00
"Monday, Nov 10, 2014",-6.80
"Monday, Nov 17, 2014",-10.80
"Tuesday, Nov 25, 2014",-5.20
"Wednesday, Dec  3, 2014",-5.00
"Thursday, Dec 11, 2014",-0.40
"Friday, Dec 19, 2014",10.50
"Friday, Dec 26, 2014",15.00
"Monday, Jan  5, 2015",14.20
"Monday, Jan 12, 2015",11.70
"Tuesday, Jan 20, 2015",0.40
"Wednesday, Jan 28, 2015",-1.30
"Thursday, Feb  5, 2015",-3.30
"Friday, Feb 13, 2015",2.00
"Friday, Feb 20, 2015",-2.30
"Monday, Mar  2, 2015",-2.90
"Monday, Mar  9, 2015",-6.50
"Tuesday, Mar 17, 2015",-18.40
"Wednesday, Mar 25, 2015",-12.30
"Thursday, Apr  2, 2015",-4.50
"Friday, Apr 10, 2015",-7.40
"Friday, Apr 17, 2015",-7.40
"Monday, Apr 27, 2015",-16.60
"Monday, May  4, 2015",-18.30
"Tuesday, May 12, 2015",-20.10
"Wednesday, May 20, 2015",-19.50
"Thursday, May 28, 2015",-21.00
"Friday, Jun  5, 2015",-11.30
"Friday, Jun 12, 2015",-1.30
"Monday, Jun 22, 2015",-7.30
"Monday, Jun 29, 2015",-2.40
"Tuesday, Jul  7, 2015",-1.50
"Wednesday, Jul 15, 2015",1.60
"Thursday, Jul 23, 2015",8.50
"Friday, Jul 31, 2015",3.30
"Friday, Aug  7, 2015",8.20
"Monday, Aug 17, 2015",3.70
"Monday, Aug 24, 2015",2.20
"Wednesday, Sep  2, 2015",5.30
"Thursday, Sep 10, 2015",2.30
"Friday, Sep 18, 2015",-4.40
"Friday, Sep 25, 2015",-3.60
"Monday, Oct  5, 2015",-4.40
"Monday, Oct 12, 2015",-5.80
"Tuesday, Oct 20, 2015",0.20
"Wednesday, Oct 28, 2015",1.40
"Thursday, Nov  5, 2015",6.70
"Friday, Nov 13, 2015",7.40
"Friday, Nov 20, 2015",1.10
"Monday, Nov 30, 2015",-2.40
"Monday, Dec  7, 2015",-10.00
"Tuesday, Dec 15, 2015",0.50
"Wednesday, Dec 23, 2015",-6.40
"Thursday, Dec 31, 2015",-8.00
"Friday, Jan  8, 2016",-0.50
"Friday, Jan 15, 2016",-10.20
"Monday, Jan 25, 2016",-23.20
"Monday, Feb  1, 2016",-31.30
"Tuesday, Feb  9, 2016",-31.60
"Wednesday, Feb 17, 2016",-31.00
"Thursday, Feb 25, 2016",-31.60
"Friday, Mar  4, 2016",-27.20
"Friday, Mar 11, 2016",-24.90
"Monday, Mar 21, 2016",-15.50
"Monday, Mar 28, 2016",-12.00
"Tuesday, Apr  5, 2016",-15.20
"Wednesday, Apr 13, 2016",-8.60
"Thursday, Apr 21, 2016",-13.70
"Friday, Apr 29, 2016",-12.40
"Friday, May  6, 2016",-14.40
"Monday, May 16, 2016",-11.70
"Monday, May 23, 2016",-3.80
"Tuesday, May 31, 2016",4.70
"Wednesday, Jun  8, 2016",-2.30
"Thursday, Jun 16, 2016",-2.30
"Friday, Jun 24, 2016",-0.80
"Friday, Jul  1, 2016",5.70
"Monday, Jul 11, 2016",12.30
"Monday, Jul 18, 2016",18.30
"Tuesday, Jul 26, 2016",29.50
"Wednesday, Aug  3, 2016",25.90
"Thursday, Aug 11, 2016",24.50
"Friday, Aug 19, 2016",17.10
"Monday, Aug 29, 2016",14.30
"Monday, Sep  5, 2016",4.20
"Tuesday, Sep 13, 2016",-0.20
"Wednesday, Sep 21, 2016",-3.80
"Thursday, Sep 29, 2016",2.20
"Friday, Oct  7, 2016",8.50
"Friday, Oct 14, 2016",10.00
"Monday, Oct 24, 2016",9.70
"Monday, Oct 31, 2016",14.50
"Tuesday, Nov  8, 2016",13.20
"Wednesday, Nov 16, 2016",17.30
"Thursday, Nov 24, 2016",28.80
"Friday, Dec  2, 2016",35.50
"Friday, Dec  9, 2016",35.80
"Monday, Dec 19, 2016",36.50
"Tuesday, Dec 27, 2016",31.70
"Tuesday, Jan  3, 2017",32.40
"Wednesday, Jan 11, 2017",45.80
"Thursday, Jan 19, 2017",46.20
"Friday, Jan 27, 2017",36.60
"Friday, Feb  3, 2017",42.00
"Monday, Feb 13, 2017",37.40
"Monday, Feb 20, 2017",38.00
"Tuesday, Feb 28, 2017",41.90
"Wednesday, Mar  8, 2017",40.70
"Thursday, Mar 16, 2017",40.20
"Friday, Mar 24, 2017",47.40
"Friday, Mar 31, 2017",41.80
"Monday, Apr 10, 2017",33.20
"Monday, Apr 17, 2017",22.70
"Tuesday, Apr 25, 2017",26.10
"Wednesday, May  3, 2017",19.40
"Thursday, May 11, 2017",18.10
"Friday, May 19, 2017",10.20
"Friday, May 26, 2017",6.10
"Monday, Jun  5, 2017",0.40
"Monday, Jun 12, 2017",-4.20
"Tuesday, Jun 20, 2017",-23.20
"Wednesday, Jun 28, 2017",-25.80
"Thursday, Jul  6, 2017",-13.70
"Friday, Jul 14, 2017",-18.30
"Friday, Jul 21, 2017",-16.60
"Monday, Jul 31, 2017",-11.10
"Monday, Aug  7, 2017",-10.60
"Tuesday, Aug 15, 2017",-4.60
"Thursday, Aug 24, 2017",-4.20
"Friday, Sep  1, 2017",5.10
"Friday, Sep  8, 2017",1.70
"Monday, Sep 18, 2017",2.30
"Monday, Sep 25, 2017",17.00
"Tuesday, Oct  3, 2017",23.10
"Wednesday, Oct 11, 2017",29.10
"Thursday, Oct 19, 2017",26.00
"Friday, Oct 27, 2017",39.20
"Friday, Nov  3, 2017",40.90
"Monday, Nov 13, 2017",36.20
"Monday, Nov 20, 2017",40.90
"Tuesday, Nov 28, 2017",49.10
"Wednesday, Dec  6, 2017",45.90
"Thursday, Dec 14, 2017",56.50
"Friday, Dec 22, 2017",56.10
"Friday, Dec 29, 2017",51.60
"Monday, Jan  8, 2018",52.20
"Monday, Jan 15, 2018",49.70
"Tuesday, Jan 23, 2018",43.80
"Wednesday, Jan 31, 2018",34.40
"Thursday, Feb  8, 2018",38.60
"Friday, Feb 16, 2018",32.90
"Friday, Feb 23, 2018",20.50
"Monday, Mar  5, 2018",9.90
"Monday, Mar 12, 2018",7.20
"Tuesday, Mar 20, 2018",1.50
"Wednesday, Mar 28, 2018",-1.00
"Thursday, Apr  5, 2018",-12.50
"Friday, Apr 13, 2018",-25.20
"Friday, Apr 20, 2018",-28.10
"Monday, Apr 30, 2018",-18.70
"Monday, May  7, 2018",-28.60
"Tuesday, May 15, 2018",-30.40
"Wednesday, May 23, 2018",-36.50
"Thursday, May 31, 2018",-32.30
"Friday, Jun  8, 2018",-37.80
"Friday, Jun 15, 2018",-34.60
"Monday, Jun 25, 2018",-29.40
"Monday, Jul  2, 2018",-17.70
"Tuesday, Jul 10, 2018",-5.20
"Wednesday, Jul 18, 2018",-9.40
"Thursday, Jul 26, 2018",-7.00
"Friday, Aug  3, 2018",-12.40
"Monday, Aug 13, 2018",-9.40
"Monday, Aug 20, 2018",-5.40
"Tuesday, Aug 28, 2018",-3.10
"Wednesday, Sep  5, 2018",3.60
"Thursday, Sep 13, 2018",-3.10
"Friday, Sep 21, 2018",-2.80
"Friday, Sep 28, 2018",-7.80
"Monday, Oct  8, 2018",-6.50
"Monday, Oct 15, 2018",-8.20
"Tuesday, Oct 23, 2018",-12.70
"Wednesday, Oct 31, 2018",-19.40
"Thursday, Nov  8, 2018",-17.70
"Friday, Nov 16, 2018",-17.80
"Friday, Nov 23, 2018",-25.60
"Monday, Dec  3, 2018",-25.10
"Monday, Dec 10, 2018",-24.60
"Tuesday, Dec 18, 2018",-31.10
"Wednesday, Dec 26, 2018",-31.70
"Thursday, Jan  3, 2019",-33.60
"Friday, Jan 11, 2019",-30.30
"Friday, Jan 18, 2019",-26.20
"Monday, Jan 28, 2019",-24.00
"Monday, Feb  4, 2019",-15.60
"Tuesday, Feb 12, 2019",-17.40
"Wednesday, Feb 20, 2019",-32.30
"Thursday, Feb 28, 2019",-34.60
"Friday, Mar  8, 2019",-32.60
"Friday, Mar 15, 2019",-25.60
"Monday, Mar 25, 2019",-29.10
"Monday, Apr  1, 2019",-37.30
"Tuesday, Apr  9, 2019",-37.90
"Wednesday, Apr 17, 2019",-37.70
"Thursday, Apr 25, 2019",-37.60
"Friday, May  3, 2019",-27.80
"Friday, May 10, 2019",-20.80
"Monday, May 20, 2019",-12.40
"Tuesday, May 28, 2019",-13.40
"Tuesday, Jun  4, 2019",-18.20
"Wednesday, Jun 12, 2019",-29.00
"Thursday, Jun 20, 2019",-26.40
"Friday, Jun 28, 2019",-24.80
"Friday, Jul  5, 2019",-22.70
"Monday, Jul 15, 2019",-16.10
"Monday, Jul 22, 2019",-16.50
"Tuesday, Jul 30, 2019",-25.30
"Thursday, Aug  8, 2019",-28.60
"Friday, Aug 16, 2019",-23.00
"Friday, Aug 23, 2019",-14.20
"Monday, Sep  2, 2019",-7.90
"Monday, Sep  9, 2019",-0.60
"Tuesday, Sep 17, 2019",8.90
"Wednesday, Sep 25, 2019",5.50
"Thursday, Oct  3, 2019",-4.10
"Friday, Oct 11, 2019",-5.50
"Friday, Oct 18, 2019",-6.50
"Monday, Oct 28, 2019",-5.60
"Monday, Nov  4, 2019",0.00
"Tuesday, Nov 12, 2019",1.10
"Wednesday, Nov 20, 2019",-4.80
"Thursday, Nov 28, 2019",0.80
"Friday, Dec  6, 2019",-6.00
"Friday, Dec 13, 2019",-8.50
"Monday, Dec 23, 2019",-6.90
"Monday, Dec 30, 2019",-3.30
"Tuesday, Jan  7, 2020",1.60
"Wednesday, Jan 15, 2020",0.90
"Thursday, Jan 23, 2020",9.80
"Friday, Jan 31, 2020",3.50
"Friday, Feb  7, 2020",11.40
"Monday, Feb 17, 2020",9.70
"Monday, Feb 24, 2020",22.40
"Tuesday, Mar  3, 2020",29.50
"Wednesday, Mar 11, 2020",36.50
"Thursday, Mar 19, 2020",28.40
"Friday, Mar 27, 2020",-9.30
"Friday, Apr  3, 2020",-24.80
"Monday, Apr 13, 2020",-45.20
"Monday, Apr 20, 2020",-67.30
"Tuesday, Apr 28, 2020",-106.10
"Wednesday, May  6, 2020",-126.00
"Thursday, May 14, 2020",-110.90
"Friday, May 22, 2020",-96.00
"Friday, May 29, 2020",-92.60
"Monday, Jun  8, 2020",-21.40
"Monday, Jun 15, 2020",-12.20
"Tuesday, Jun 23, 2020",35.40
"Wednesday, Jul  1, 2020",47.40
"Thursday, Jul  9, 2020",74.70
"Friday, Jul 17, 2020",103.30
"Monday, Jul 27, 2020",141.60
"Monday, Aug  3, 2020",155.50
"Tuesday, Aug 11, 2020",165.30
"Wednesday, Aug 19, 2020",172.20
"Thursday, Aug 27, 2020",160.90
"Friday, Sep  4, 2020",130.70
"Friday, Sep 11, 2020",128.30
"Monday, Sep 21, 2020",109.60
"Monday, Sep 28, 2020",107.50
"Tuesday, Oct  6, 2020",105.00
"Wednesday, Oct 14, 2020",90.40
"Thursday, Oct 22, 2020",69.40
"Friday, Oct 30, 2020",95.50
"Friday, Nov  6, 2020",84.90
"Monday, Nov 16, 2020",59.30
"Monday, Nov 23, 2020",73.80
"Tuesday, Dec  1, 2020",82.80
"Wednesday, Dec  9, 2020",86.80
"Thursday, Dec 17, 2020",108.60
"Thursday, Dec 24, 2020",103.20
"Thursday, Dec 31, 2020",96.80
"Monday, Jan 11, 2021",95.00
"Monday, Jan 18, 2021",92.10
"Tuesday, Jan 26, 2021",81.80
"Wednesday, Feb  3, 2021",93.50
"Thursday, Feb 11, 2021",83.90
"Friday, Feb 19, 2021",96.20
"Friday, Feb 26, 2021",97.80
"Monday, Mar  8, 2021",78.50
"Monday, Mar 15, 2021",68.20
"Tuesday, Mar 23, 2021",40.20
"Wednesday, Mar 31, 2021",68.30
"Thursday, Apr  8, 2021",84.60
"Friday, Apr 16, 2021",77.60
"Friday, Apr 23, 2021",85.10
"Monday, May  3, 2021",86.00
"Monday, May 10, 2021",83.60
"Tuesday, May 18, 2021",68.30
"Wednesday, May 26, 2021",77.40
"Thursday, Jun  3, 2021",83.50
"Friday, Jun 11, 2021",89.50
"Friday, Jun 18, 2021",84.80
"Monday, Jun 28, 2021",59.30
"Monday, Jul  5, 2021",49.50
"Tuesday, Jul 13, 2021",43.60
"Thursday, Jul 22, 2021",31.40
"Friday, Jul 30, 2021",11.90
"Friday, Aug  6, 2021",11.10
"Monday, Aug 16, 2021",-9.20
"Monday, Aug 23, 2021",-24.40
"Tuesday, Aug 31, 2021",-27.70
"Wednesday, Sep  8, 2021",-33.90
"Thursday, Sep 16, 2021",-33.70
"Friday, Sep 24, 2021",-41.80
"Friday, Oct  1, 2021",-32.10
"Monday, Oct 11, 2021",-38.10
"Monday, Oct 18, 2021",-42.20
"Tuesday, Oct 26, 2021",-30.30
"Wednesday, Nov  3, 2021",-21.80
"Thursday, Nov 11, 2021",-13.50
"Friday, Nov 19, 2021",-4.80
"Friday, Nov 26, 2021",4.40
"Monday, Dec  6, 2021",13.10
"Monday, Dec 13, 2021",19.30
"Tuesday, Dec 21, 2021",23.40
"Wednesday, Dec 29, 2021",23.20
"Thursday, Jan  6, 2022",20.90
"Friday, Jan 14, 2022",20.50
"Friday, Jan 21, 2022",21.00
"Monday, Jan 31, 2022",22.50
"Monday, Feb  7, 2022",22.10
"Tuesday, Feb 15, 2022",17.80
"Wednesday, Feb 23, 2022",34.00
"Thursday, Mar  3, 2022",39.30
"Friday, Mar 11, 2022",46.80
"Friday, Mar 18, 2022",38.10
"Monday, Mar 28, 2022",39.10
"Monday, Apr  4, 2022",40.90
"Tuesday, Apr 12, 2022",38.20
"Wednesday, Apr 20, 2022",46.00
"Thursday, Apr 28, 2022",44.40
"Friday, May  6, 2022",29.90
"Friday, May 13, 2022",31.20
"Monday, May 23, 2022",17.20
"Monday, May 30, 2022",2.80
"Tuesday, Jun  7, 2022",1.60
"Wednesday, Jun 15, 2022",2.60
"Thursday, Jun 23, 2022",-25.30
"Friday, Jul  1, 2022",-40.40
"Friday, Jul  8, 2022",-36.40
"Monday, Jul 18, 2022",-37.00
"Tuesday, Jul 26, 2022",-51.00
"Wednesday, Aug  3, 2022",-30.70
"Thursday, Aug 11, 2022",-21.40
"Friday, Aug 19, 2022",-15.60
"Friday, Aug 26, 2022",-14.60
"Monday, Sep  5, 2022",-9.60
"Monday, Sep 12, 2022",-6.90
"Tuesday, Sep 20, 2022",2.70
"Wednesday, Sep 28, 2022",4.90
"Thursday, Oct  6, 2022",4.20
"Friday, Oct 14, 2022",10.70
"Friday, Oct 21, 2022",21.60
"Monday, Oct 31, 2022",11.20
"Monday, Nov  7, 2022",14.90
"Tuesday, Nov 15, 2022",17.90
"Wednesday, Nov 23, 2022",20.70
"Thursday, Dec  1, 2022",15.70
"Friday, Dec  9, 2022",18.90
"Friday, Dec 16, 2022",20.20
"Friday, Dec 23, 2022",21.80
"Tuesday, Jan  3, 2023",20.80
"Tuesday, Jan 10, 2023",20.90
"Wednesday, Jan 18, 2023",24.00
"Thursday, Jan 26, 2023",30.80
"Friday, Feb  3, 2023",42.60
"Friday, Feb 10, 2023",43.10
"Monday, Feb 20, 2023",43.00
"Monday, Feb 27, 2023",46.60
"Tuesday, Mar  7, 2023",45.60
"Wednesday, Mar 15, 2023",45.00
"Thursday, Mar 23, 2023",44.00
"Friday, Mar 31, 2023",49.20
"Monday, Apr 10, 2023",33.30
"Monday, Apr 17, 2023",32.80
"Monday, Apr 24, 2023",26.80
"Tuesday, May  2, 2023",15.60
"Wednesday, May 10, 2023",6.30
"Thursday, May 18, 2023",-2.80
"Friday, May 26, 2023",-2.70
"Friday, Jun  2, 2023",-4.10
"Friday, Jun  9, 2023",-16.00
